"Symbol","Series","Date","Prev Close","Open Price","High Price","Low Price","Last Price","Close Price","Average Price","Total Traded Quantity","Turnover","No. of Trades","Deliverable Qty","% Dly Qt to Traded Qty"
"GTPL","EQ","04-Jul-2017","        170.00","        170.00","        175.00","        162.00","        171.95","        171.65","        170.71","   14138363","          2413607113.85","      96461","    5217073","         36.90"
"GTPL","EQ","05-Jul-2017","        171.65","        170.20","        172.30","        167.30","        170.50","        169.90","        170.04","     779615","           132562581.15","      10014","     213447","         27.38"
"GTPL","EQ","06-Jul-2017","        169.90","        171.00","        176.00","        168.35","        170.00","        171.75","        173.33","    1181250","           204741481.45","      11767","     514139","         43.52"
"GTPL","EQ","07-Jul-2017","        171.75","        172.00","        183.25","        168.00","        178.05","        179.20","        177.35","    3137606","           556453868.10","      27238","     890057","         28.37"
"GTPL","EQ","10-Jul-2017","        179.20","        180.00","        198.10","        175.00","        183.15","        183.20","        182.47","     607766","           110901130.40","       5464","     348074","         57.27"
"GTPL","EQ","11-Jul-2017","        183.20","        183.50","        190.45","        176.30","        177.45","        177.35","        185.09","    1780195","           329494761.70","      20735","     613956","         34.49"
"GTPL","EQ","12-Jul-2017","        177.35","        179.15","        183.90","        178.00","        180.70","        180.75","        180.49","     838264","           151301148.25","      17335","     326905","         39.00"
"GTPL","EQ","13-Jul-2017","        180.75","        182.40","        185.50","        178.50","        179.30","        180.10","        181.37","     907601","           164611823.50","      13067","     367671","         40.51"
"GTPL","EQ","14-Jul-2017","        180.10","        181.00","        184.90","        164.05","        170.05","        170.80","        174.23","    1203937","           209761024.80","      13790","     417716","         34.70"
"GTPL","EQ","17-Jul-2017","        170.80","        171.10","        174.00","        169.10","        169.85","        170.00","        171.48","     302605","            51889398.40","       4090","     107097","         35.39"
"GTPL","EQ","18-Jul-2017","        170.00","        169.10","        171.95","        166.20","        168.00","        167.15","        169.05","     188357","            31842438.10","       2782","      79616","         42.27"
"GTPL","EQ","19-Jul-2017","        167.15","        168.15","        170.00","        167.20","        167.95","        168.05","        168.83","     114062","            19257211.05","       1698","      61769","         54.15"
"GTPL","EQ","20-Jul-2017","        168.05","        169.40","        169.80","        165.05","        165.40","        166.60","        167.55","     194347","            32563363.60","       3715","      67353","         34.66"
"GTPL","EQ","21-Jul-2017","        166.60","        165.20","        168.95","        163.00","        163.00","        163.40","        164.89","     298067","            49147700.25","       4215","     131506","         44.12"
"GTPL","EQ","24-Jul-2017","        163.40","        163.30","        164.45","        155.65","        156.50","        156.80","        158.81","     203695","            32349399.90","       3607","     109748","         53.88"
"GTPL","EQ","25-Jul-2017","        156.80","        155.65","        161.00","        150.00","        154.50","        155.00","        155.21","     422546","            65583295.35","       6950","     163813","         38.77"
"GTPL","EQ","26-Jul-2017","        155.00","        155.70","        158.00","        155.70","        156.70","        156.40","        156.60","     197420","            30915682.10","       2708","     131792","         66.76"
"GTPL","EQ","27-Jul-2017","        156.40","        156.90","        161.80","        155.60","        157.50","        156.80","        157.59","     173457","            27334842.15","       2724","     100833","         58.13"
"GTPL","EQ","28-Jul-2017","        156.80","        154.15","        159.40","        154.15","        156.00","        156.60","        157.23","     129568","            20371709.80","       2568","      55033","         42.47"
"GTPL","EQ","31-Jul-2017","        156.60","        156.00","        158.95","        156.00","        157.30","        157.55","        157.45","     130338","            20521080.80","       1951","      87917","         67.45"
"GTPL","EQ","01-Aug-2017","        157.55","        157.55","        157.65","        147.75","        150.45","        151.75","        153.41","      97587","            14971137.50","       1792","      65007","         66.61"
"GTPL","EQ","02-Aug-2017","        151.75","        152.00","        155.00","        150.20","        150.20","        151.80","        152.92","     110713","            16930548.90","       2352","      36818","         33.26"
"GTPL","EQ","03-Aug-2017","        151.80","        151.10","        153.00","        145.00","        147.00","        147.35","        149.27","      96801","            14449274.60","       1848","      47076","         48.63"
"GTPL","EQ","04-Aug-2017","        147.35","        148.65","        148.65","        141.25","        142.20","        142.45","        142.79","     266775","            38093702.05","       4374","     202186","         75.79"
"GTPL","EQ","07-Aug-2017","        142.45","        142.20","        148.50","        142.20","        146.60","        146.15","        146.27","     205690","            30085378.80","       2227","     147256","         71.59"
"GTPL","EQ","08-Aug-2017","        146.15","        148.20","        150.00","        142.60","        143.40","        143.85","        146.22","     109122","            15955321.95","       3219","      35291","         32.34"
"GTPL","EQ","09-Aug-2017","        143.85","        147.00","        150.00","        141.10","        143.85","        144.20","        146.65","     490616","            71947003.95","       5452","     293480","         59.82"
"GTPL","EQ","10-Aug-2017","        144.20","        144.75","        149.30","        142.60","        145.00","        147.45","        145.57","     160537","            23369155.00","       2017","      92851","         57.84"
"GTPL","EQ","11-Aug-2017","        147.45","        144.00","        146.00","        141.00","        141.00","        141.95","        143.56","      69578","             9988589.30","       1494","      30909","         44.42"
"GTPL","EQ","14-Aug-2017","        141.95","        143.05","        143.50","        139.00","        141.00","        141.25","        141.99","      80830","            11476847.05","       1239","      26647","         32.97"
"GTPL","EQ","16-Aug-2017","        141.25","        141.05","        150.65","        141.05","        145.30","        146.20","        147.17","     273610","            40267011.55","       4913","      49305","         18.02"
"GTPL","EQ","17-Aug-2017","        146.20","        146.00","        146.60","        141.00","        141.70","        141.80","        143.79","      87350","            12560449.15","       1660","      43209","         49.47"
"GTPL","EQ","18-Aug-2017","        141.80","        141.20","        142.90","        141.00","        141.05","        141.90","        141.77","      75974","            10770565.90","       1558","      19870","         26.15"
"GTPL","EQ","21-Aug-2017","        141.90","        142.50","        142.80","        135.00","        135.90","        137.15","        139.96","     503003","            70398684.95","       1823","     445277","         88.52"
"GTPL","EQ","22-Aug-2017","        137.15","        136.55","        138.35","        130.25","        131.00","        131.90","        134.57","     116382","            15661432.20","       1942","      37565","         32.28"
"GTPL","EQ","23-Aug-2017","        131.90","        133.75","        133.75","        127.00","        128.25","        127.95","        129.13","     127098","            16411557.60","       3641","      38180","         30.04"
"GTPL","EQ","24-Aug-2017","        127.95","        126.25","        133.20","        126.25","        132.45","        131.90","        131.36","     187918","            24685601.80","       3305","      62323","         33.16"
"GTPL","EQ","28-Aug-2017","        131.90","        132.10","        136.60","        132.10","        134.00","        134.65","        134.64","      88637","            11933812.25","       2828","      29986","         33.83"
"GTPL","EQ","29-Aug-2017","        134.65","        134.00","        134.00","        129.75","        130.90","        130.85","        131.54","      54591","             7180893.90","       1214","      19382","         35.50"
"GTPL","EQ","30-Aug-2017","        130.85","        131.15","        134.00","        131.15","        132.80","        133.55","        133.26","      30318","             4040037.45","        918","      12421","         40.97"
"GTPL","EQ","31-Aug-2017","        133.55","        134.90","        135.60","        132.35","        132.80","        133.40","        133.73","      43825","             5860627.25","        971","      14671","         33.48"
"GTPL","EQ","01-Sep-2017","        133.40","        134.35","        135.45","        130.20","        133.50","        132.10","        132.69","      91325","            12118078.20","       2162","      47551","         52.07"
"GTPL","EQ","04-Sep-2017","        132.10","        138.00","        138.00","        131.25","        132.00","        131.95","        134.70","     221566","            29844579.20","       6063","      65621","         29.62"
"GTPL","EQ","05-Sep-2017","        131.95","        134.00","        134.40","        132.00","        132.35","        132.15","        133.42","      89755","            11974698.50","       2154","      49220","         54.84"
"GTPL","EQ","06-Sep-2017","        132.15","        132.15","        132.95","        129.50","        129.90","        129.85","        130.77","      36316","             4749095.15","       1611","      26966","         74.25"
"GTPL","EQ","07-Sep-2017","        129.85","        130.95","        131.95","        128.00","        128.75","        128.75","        130.34","     164925","            21495582.75","       1660","     121923","         73.93"
"GTPL","EQ","08-Sep-2017","        128.75","        133.95","        137.50","        130.55","        133.60","        134.40","        134.45","     373428","            50206579.95","       8165","     193576","         51.84"
"GTPL","EQ","11-Sep-2017","        134.40","        134.40","        138.50","        134.00","        134.00","        135.30","        136.21","     188494","            25675609.70","       6814","      66854","         35.47"
"GTPL","EQ","12-Sep-2017","        135.30","        134.90","        138.75","        134.55","        138.35","        137.85","        136.75","     159233","            21775877.85","       3520","     117531","         73.81"
"GTPL","EQ","13-Sep-2017","        137.85","        138.45","        140.50","        136.95","        138.00","        138.85","        139.19","     131705","            18332034.25","       3848","      78231","         59.40"
"GTPL","EQ","14-Sep-2017","        138.85","        136.10","        149.50","        136.10","        148.95","        148.85","        145.08","     346103","            50211067.75","       6479","     155224","         44.85"
"GTPL","EQ","15-Sep-2017","        148.85","        147.00","        159.00","        144.00","        153.45","        154.70","        154.05","     519871","            80086133.85","      11621","     213547","         41.08"
"GTPL","EQ","18-Sep-2017","        154.70","        153.00","        157.30","        147.00","        153.00","        153.40","        152.53","     144462","            22034604.60","       2291","      54389","         37.65"
"GTPL","EQ","19-Sep-2017","        153.40","        153.00","        155.70","        148.50","        150.00","        149.55","        152.71","      89355","            13645093.75","       1854","      57587","         64.45"
"GTPL","EQ","20-Sep-2017","        149.55","        150.00","        150.15","        147.50","        147.50","        147.90","        148.20","     130258","            19304278.50","       1401","      81606","         62.65"
"GTPL","EQ","21-Sep-2017","        147.90","        148.00","        149.95","        146.00","        146.00","        146.40","        147.11","      76755","            11291124.45","       1719","      57965","         75.52"
"GTPL","EQ","22-Sep-2017","        146.40","        145.00","        145.95","        138.60","        139.00","        139.50","        141.76","      47285","             6703170.85","       1257","      24446","         51.70"
"GTPL","EQ","25-Sep-2017","        139.50","        137.60","        139.95","        130.00","        130.60","        130.65","        132.16","     129607","            17128454.95","       3971","      72484","         55.93"
"GTPL","EQ","26-Sep-2017","        130.65","        131.90","        133.20","        130.00","        131.00","        130.70","        131.45","      55280","             7266317.30","       2176","      17045","         30.83"
"GTPL","EQ","27-Sep-2017","        130.70","        133.65","        134.30","        130.00","        132.00","        131.45","        133.14","      94778","            12618799.65","       2670","      45438","         47.94"
"GTPL","EQ","28-Sep-2017","        131.45","        131.45","        132.40","        129.10","        129.35","        130.05","        130.73","      35183","             4599604.10","       1852","      15370","         43.69"
"GTPL","EQ","29-Sep-2017","        130.05","        129.85","        140.90","        129.85","        140.90","        137.55","        135.78","      72472","             9840109.45","       2562","      48055","         66.31"
"GTPL","EQ","03-Oct-2017","        137.55","        140.40","        140.75","        136.40","        138.20","        137.90","        138.57","      38248","             5300021.75","       1192","      19765","         51.68"
"GTPL","EQ","04-Oct-2017","        137.90","        139.65","        143.40","        136.50","        140.20","        140.70","        141.49","     113221","            16019484.45","       1890","      44817","         39.58"
"GTPL","EQ","05-Oct-2017","        140.70","        139.25","        144.00","        139.05","        143.50","        143.05","        142.19","      39497","             5616090.95","        932","      20350","         51.52"
"GTPL","EQ","06-Oct-2017","        143.05","        140.20","        147.70","        139.95","        146.55","        146.30","        146.14","      83064","            12138741.25","       1036","      60714","         73.09"
"GTPL","EQ","09-Oct-2017","        146.30","        147.95","        148.80","        143.35","        148.30","        147.65","        147.23","      50563","             7444563.05","        773","      20763","         41.06"
"GTPL","EQ","10-Oct-2017","        147.65","        147.85","        149.30","        142.40","        145.45","        144.90","        145.79","      78796","            11487683.45","       1001","      38052","         48.29"
"GTPL","EQ","11-Oct-2017","        144.90","        146.50","        150.00","        143.70","        145.80","        145.05","        147.37","      98910","            14576735.60","       1581","      44634","         45.13"
"GTPL","EQ","12-Oct-2017","        145.05","        143.75","        147.85","        143.50","        146.00","        146.15","        145.78","      57502","             8382794.85","        664","      27817","         48.38"
"GTPL","EQ","13-Oct-2017","        146.15","        146.50","        147.80","        140.55","        141.20","        143.25","        144.60","      39831","             5759678.45","        709","      22597","         56.73"
"GTPL","EQ","16-Oct-2017","        143.25","        144.00","        145.00","        137.00","        139.75","        139.50","        140.40","      66211","             9295743.65","        935","      20703","         31.27"
"GTPL","EQ","17-Oct-2017","        139.50","        141.00","        145.00","        136.15","        145.00","        141.85","        140.31","      51756","             7261998.00","        861","      18939","         36.59"
"GTPL","EQ","18-Oct-2017","        141.85","        144.90","        144.90","        139.00","        139.50","        140.75","        141.54","      37638","             5327325.80","        657","      21537","         57.22"
"GTPL","EQ","19-Oct-2017","        140.75","        139.05","        147.05","        139.05","        144.00","        143.70","        144.64","      19492","             2819402.45","        317","      13724","         70.41"
"GTPL","EQ","23-Oct-2017","        143.70","        147.00","        147.00","        142.00","        142.50","        142.60","        143.28","      18403","             2636720.25","        432","       9834","         53.44"
"GTPL","EQ","24-Oct-2017","        142.60","        141.50","        144.00","        140.95","        142.00","        141.85","        142.29","      48287","             6870953.35","        435","      35585","         73.69"
"GTPL","EQ","25-Oct-2017","        141.85","        141.00","        145.20","        141.00","        142.00","        142.05","        142.28","      35214","             5010287.45","        679","      27662","         78.55"
"GTPL","EQ","26-Oct-2017","        142.05","        139.20","        145.00","        139.20","        143.35","        142.55","        142.22","      40517","             5762399.55","       1190","      18914","         46.68"
"GTPL","EQ","27-Oct-2017","        142.55","        142.10","        147.00","        141.00","        145.10","        145.15","        144.46","     380615","            54984320.75","       1108","     357974","         94.05"
"GTPL","EQ","30-Oct-2017","        145.15","        145.00","        153.00","        144.00","        145.90","        146.00","        149.00","      94244","            14042678.15","       1716","      46395","         49.23"
"GTPL","EQ","31-Oct-2017","        146.00","        145.00","        148.50","        145.00","        146.00","        146.20","        146.56","      19927","             2920534.00","        401","      13814","         69.32"
"GTPL","EQ","01-Nov-2017","        146.20","        145.00","        149.90","        143.70","        144.00","        144.70","        145.85","      25343","             3696232.35","        691","      11718","         46.24"
"GTPL","EQ","02-Nov-2017","        144.70","        145.45","        145.45","        139.75","        140.30","        141.10","        142.49","      57592","             8205997.00","        729","      40796","         70.84"
"GTPL","EQ","03-Nov-2017","        141.10","        142.00","        153.00","        142.00","        152.55","        152.30","        149.89","     203148","            30450034.35","       3220","     126103","         62.07"
"GTPL","EQ","06-Nov-2017","        152.30","        152.00","        156.00","        148.35","        154.90","        153.95","        153.80","     131501","            20225485.55","       2023","      57478","         43.71"
"GTPL","EQ","07-Nov-2017","        153.95","        158.05","        160.55","        149.00","        151.50","        149.85","        154.77","     216827","            33557350.10","       3737","     102255","         47.16"
"GTPL","EQ","08-Nov-2017","        149.85","        147.15","        152.20","        144.10","        147.00","        148.45","        147.71","     109027","            16104114.90","       1027","      74810","         68.62"
"GTPL","EQ","09-Nov-2017","        148.45","        149.05","        152.00","        146.75","        148.00","        149.00","        149.32","      42179","             6298137.65","        456","      14778","         35.04"
"GTPL","EQ","10-Nov-2017","        149.00","        148.65","        149.75","        146.50","        147.00","        146.95","        147.48","      81154","            11968622.25","        405","      57119","         70.38"
"GTPL","EQ","13-Nov-2017","        146.95","        146.95","        148.00","        145.00","        145.00","        145.25","        145.96","      79320","            11577323.70","        356","      57079","         71.96"
"GTPL","EQ","14-Nov-2017","        145.25","        144.15","        146.15","        142.40","        142.50","        143.10","        143.76","      17951","             2580660.50","        569","      10044","         55.95"
"GTPL","EQ","15-Nov-2017","        143.10","        152.30","        152.35","        143.00","        145.85","        144.95","        146.15","      86207","            12599036.85","       1220","      23484","         27.24"
"GTPL","EQ","16-Nov-2017","        144.95","        145.95","        145.95","        142.00","        143.50","        143.20","        143.74","      69859","            10041262.65","       1358","      34212","         48.97"
"GTPL","EQ","17-Nov-2017","        143.20","        143.70","        145.00","        140.00","        140.00","        142.05","        143.48","      41792","             5996288.40","       1209","      18590","         44.48"
"GTPL","EQ","20-Nov-2017","        142.05","        142.00","        154.90","        142.00","        151.20","        150.05","        149.76","     212489","            31822733.20","       2308","     113679","         53.50"
"GTPL","EQ","21-Nov-2017","        150.05","        151.00","        152.45","        147.00","        148.20","        147.40","        149.80","      59257","             8876712.55","       1042","      13146","         22.18"
"GTPL","EQ","22-Nov-2017","        147.40","        147.00","        151.00","        145.25","        145.25","        146.15","        147.90","      44793","             6625044.30","        629","       9495","         21.20"
"GTPL","EQ","23-Nov-2017","        146.15","        147.00","        148.00","        143.50","        143.50","        144.80","        146.18","      35038","             5121905.40","        419","      23156","         66.09"
"GTPL","EQ","24-Nov-2017","        144.80","        144.40","        155.00","        143.65","        152.00","        152.55","        149.96","     167590","            25131133.50","       2744","      66220","         39.51"
"GTPL","EQ","27-Nov-2017","        152.55","        153.95","        162.00","        150.40","        157.05","        157.95","        158.08","     266216","            42084668.25","       2521","     173086","         65.02"
"GTPL","EQ","28-Nov-2017","        157.95","        156.25","        171.00","        155.20","        166.00","        165.20","        165.94","     427070","            70869652.15","       4228","     226246","         52.98"
"GTPL","EQ","29-Nov-2017","        165.20","        167.85","        174.00","        167.00","        168.00","        169.55","        170.26","     305094","            51946194.70","       4045","     144102","         47.23"
"GTPL","EQ","30-Nov-2017","        169.55","        167.00","        172.00","        162.00","        162.50","        163.00","        165.27","      91555","            15131212.15","       1356","      34130","         37.28"
"GTPL","EQ","01-Dec-2017","        163.00","        165.00","        169.40","        162.20","        165.65","        166.95","        167.48","     155329","            26014854.55","       1429","      89528","         57.64"
"GTPL","EQ","04-Dec-2017","        166.95","        169.95","        170.00","        158.45","        160.00","        160.75","        166.16","      74270","            12340621.35","       1542","      29437","         39.64"
"GTPL","EQ","05-Dec-2017","        160.75","        160.00","        169.80","        158.50","        161.00","        160.55","        161.68","      67043","            10839334.45","       1592","      11642","         17.36"
"GTPL","EQ","06-Dec-2017","        160.55","        159.35","        164.00","        152.70","        153.50","        154.60","        159.87","      46707","             7467067.20","        859","      17203","         36.83"
"GTPL","EQ","07-Dec-2017","        154.60","        154.60","        158.10","        154.15","        155.00","        155.50","        156.03","      41661","             6500243.05","        679","      10974","         26.34"
"GTPL","EQ","08-Dec-2017","        155.50","        156.60","        164.90","        155.85","        163.00","        162.30","        162.03","      61161","             9910110.95","       2065","      30287","         49.52"
"GTPL","EQ","11-Dec-2017","        162.30","        163.00","        171.30","        163.00","        168.50","        168.95","        168.95","     110221","            18621681.45","       2474","      62027","         56.28"
"GTPL","EQ","12-Dec-2017","        168.95","        169.00","        171.00","        165.50","        167.15","        168.95","        168.80","      79912","            13488770.00","       2989","      44725","         55.97"
"GTPL","EQ","13-Dec-2017","        168.95","        170.00","        172.00","        156.00","        157.00","        157.80","        166.94","      98505","            16444487.10","       1619","      47157","         47.87"
"GTPL","EQ","14-Dec-2017","        157.80","        163.00","        164.35","        159.80","        161.05","        162.20","        161.18","      50389","             8121638.55","        921","      19835","         39.36"
"GTPL","EQ","15-Dec-2017","        162.20","        164.80","        171.45","        162.20","        166.55","        169.10","        168.81","     270102","            45597157.25","       3017","     224711","         83.19"
"GTPL","EQ","18-Dec-2017","        169.10","        167.90","        170.00","        160.00","        162.00","        164.65","        166.00","      38148","             6332452.05","        555","      15129","         39.66"
"GTPL","EQ","19-Dec-2017","        164.65","        165.90","        167.00","        163.10","        163.10","        164.20","        164.77","      27567","             4542251.60","        296","      23008","         83.46"
"GTPL","EQ","20-Dec-2017","        164.20","        162.50","        170.00","        162.20","        166.10","        166.50","        166.54","      39031","             6500089.35","        574","      26162","         67.03"
"GTPL","EQ","21-Dec-2017","        166.50","        163.10","        168.00","        160.75","        164.50","        164.45","        164.08","      42425","             6961234.70","        704","      24253","         57.17"
"GTPL","EQ","22-Dec-2017","        164.45","        165.15","        166.75","        163.00","        163.90","        163.30","        164.29","      19828","             3257485.05","        430","      11927","         60.15"
"GTPL","EQ","26-Dec-2017","        163.30","        161.15","        165.50","        161.15","        161.55","        162.00","        162.73","      13889","             2260206.75","        384","       8254","         59.43"
"GTPL","EQ","27-Dec-2017","        162.00","        164.35","        164.40","        159.25","        159.30","        160.05","        161.37","      18395","             2968374.30","        375","      12359","         67.19"
"GTPL","EQ","28-Dec-2017","        160.05","        160.00","        161.95","        156.25","        157.45","        157.45","        158.79","      18243","             2896848.20","        333","      13329","         73.06"
"GTPL","EQ","29-Dec-2017","        157.45","        160.15","        166.00","        160.15","        163.25","        165.00","        164.29","      89316","            14673852.85","       2000","      34930","         39.11"
"GTPL","EQ","01-Jan-2018","        165.00","        165.20","        166.45","        160.00","        165.50","        163.75","        161.94","      51137","             8281180.25","        954","      27539","         53.85"
"GTPL","EQ","02-Jan-2018","        163.75","        165.50","        167.50","        162.00","        163.50","        163.35","        164.45","      34527","             5677881.80","        628","      26553","         76.91"
"GTPL","EQ","03-Jan-2018","        163.35","        163.60","        166.00","        162.05","        163.75","        163.15","        163.94","      36235","             5940436.70","        901","      23638","         65.24"
"GTPL","EQ","04-Jan-2018","        163.15","        161.05","        164.95","        160.45","        162.00","        161.85","        162.28","      23375","             3793286.05","        588","      17521","         74.96"
"GTPL","EQ","05-Jan-2018","        161.85","        163.85","        164.00","        159.15","        161.00","        160.75","        161.52","      34016","             5494349.80","        707","      24749","         72.76"
"GTPL","EQ","08-Jan-2018","        160.75","        160.95","        164.80","        160.55","        160.70","        161.45","        162.00","      33986","             5505808.80","        721","      23562","         69.33"
"GTPL","EQ","09-Jan-2018","        161.45","        161.15","        164.55","        158.00","        159.10","        159.00","        160.26","      31323","             5019947.45","        745","      23929","         76.39"
"GTPL","EQ","10-Jan-2018","        159.00","        160.00","        161.50","        157.15","        159.00","        158.65","        159.03","      25302","             4023784.05","        692","      19638","         77.61"
"GTPL","EQ","11-Jan-2018","        158.65","        158.50","        187.00","        158.50","        176.00","        176.15","        173.07","     855093","           147993978.45","       7798","     428650","         50.13"
"GTPL","EQ","12-Jan-2018","        176.15","        174.60","        182.00","        170.00","        177.00","        180.00","        176.06","     638886","           112481209.95","       5688","     342765","         53.65"
"GTPL","EQ","15-Jan-2018","        180.00","        177.20","        182.50","        175.10","        178.00","        177.10","        177.57","     347332","            61674106.05","       2121","     274378","         79.00"
"GTPL","EQ","16-Jan-2018","        177.10","        178.00","        178.50","        173.10","        175.10","        175.10","        175.49","     313763","            55063751.25","       1252","     252465","         80.46"
"GTPL","EQ","17-Jan-2018","        175.10","        171.05","        174.50","        170.55","        171.60","        172.05","        171.81","     165867","            28497946.85","        640","     151513","         91.35"
"GTPL","EQ","18-Jan-2018","        172.05","        174.80","        174.90","        168.15","        170.00","        170.40","        170.53","      82243","            14025132.90","        888","      63413","         77.10"
"GTPL","EQ","19-Jan-2018","        170.40","        168.05","        173.00","        165.65","        165.65","        166.65","        169.49","      30521","             5172934.45","        492","      23787","         77.94"
"GTPL","EQ","22-Jan-2018","        166.65","        169.40","        169.40","        162.70","        166.00","        164.40","        166.45","      14697","             2446305.75","        303","      10030","         68.25"
"GTPL","EQ","23-Jan-2018","        164.40","        163.95","        179.60","        163.25","        175.00","        175.75","        175.30","     526504","            92298584.85","       3508","     266175","         50.56"
"GTPL","EQ","24-Jan-2018","        175.75","        175.00","        177.50","        170.10","        174.00","        175.10","        175.18","     193533","            33903040.70","       1314","     170394","         88.04"
"GTPL","EQ","25-Jan-2018","        175.10","        177.60","        187.40","        172.25","        180.10","        180.20","        178.30","    2900441","           517157316.05","       7561","    1369324","         47.21"
"GTPL","EQ","29-Jan-2018","        180.20","        176.60","        179.95","        161.00","        165.70","        164.45","        173.10","     148311","            25673211.95","       1503","     105776","         71.32"
"GTPL","EQ","30-Jan-2018","        164.45","        164.90","        167.75","        158.70","        161.50","        160.55","        162.61","      61424","             9988168.85","       1075","      33899","         55.19"
"GTPL","EQ","31-Jan-2018","        160.55","        161.10","        164.90","        157.25","        159.50","        159.75","        160.36","      37015","             5935541.70","        679","      19786","         53.45"
"GTPL","EQ","01-Feb-2018","        159.75","        164.60","        170.00","        160.00","        165.00","        165.35","        163.88","      69587","            11403787.10","        772","      36957","         53.11"
"GTPL","EQ","02-Feb-2018","        165.35","        159.65","        162.90","        153.00","        156.60","        155.25","        157.49","      72216","            11373538.25","       1193","      57158","         79.15"
"GTPL","EQ","05-Feb-2018","        155.25","        155.50","        159.90","        135.55","        153.95","        153.35","        157.34","     382216","            60138410.20","        813","     370237","         96.87"
"GTPL","EQ","06-Feb-2018","        153.35","        149.00","        152.30","        144.55","        150.30","        150.25","        146.92","     117890","            17320725.00","        844","      99307","         84.24"
"GTPL","EQ","07-Feb-2018","        150.25","        153.95","        157.75","        151.40","        155.95","        155.15","        153.53","      25937","             3982119.50","        633","      11592","         44.69"
"GTPL","EQ","08-Feb-2018","        155.15","        153.25","        167.80","        153.25","        167.60","        166.95","        164.68","      85018","            14000623.25","        786","      57835","         68.03"
"GTPL","EQ","09-Feb-2018","        166.95","        157.25","        170.00","        157.25","        165.00","        166.10","        166.11","      31182","             5179590.30","        641","      15000","         48.10"
"GTPL","EQ","12-Feb-2018","        166.10","        161.15","        171.00","        161.15","        168.00","        168.00","        167.93","      37586","             6311872.75","        445","      30022","         79.88"
"GTPL","EQ","14-Feb-2018","        168.00","        168.20","        170.60","        164.00","        168.00","        168.15","        168.02","      38810","             6520977.00","        512","      35291","         90.93"
"GTPL","EQ","15-Feb-2018","        168.15","        170.00","        173.40","        167.70","        170.45","        168.65","        170.05","     131397","            22344566.65","       1055","      98012","         74.59"
"GTPL","EQ","16-Feb-2018","        168.65","        172.00","        172.00","        162.45","        164.60","        164.00","        164.99","      16240","             2679357.70","        314","      11484","         70.71"
"GTPL","EQ","19-Feb-2018","        164.00","        162.00","        164.05","        158.75","        163.00","        162.00","        160.90","      14842","             2388020.55","        301","      10243","         69.01"
"GTPL","EQ","20-Feb-2018","        162.00","        162.05","        167.50","        161.15","        167.40","        165.00","        164.37","      20766","             3413335.70","        385","      12721","         61.26"
"GTPL","EQ","21-Feb-2018","        165.00","        165.10","        165.50","        161.90","        164.00","        163.95","        163.89","      11971","             1961956.80","        226","       9772","         81.63"
"GTPL","EQ","22-Feb-2018","        163.95","        162.10","        166.00","        160.65","        165.00","        165.00","        164.28","      18606","             3056571.45","        396","      14842","         79.77"
"GTPL","EQ","23-Feb-2018","        165.00","        166.75","        167.00","        164.80","        166.00","        165.80","        165.42","      16765","             2773239.15","        233","      13578","         80.99"
"GTPL","EQ","26-Feb-2018","        165.80","        165.90","        166.75","        162.10","        164.00","        163.30","        164.63","      17189","             2829782.05","        307","      11540","         67.14"
"GTPL","EQ","27-Feb-2018","        163.30","        163.55","        165.30","        162.15","        164.10","        164.55","        164.50","      29660","             4879180.95","        673","      24633","         83.05"
"GTPL","EQ","28-Feb-2018","        164.55","        165.00","        165.85","        162.40","        165.05","        165.15","        164.96","      10378","             1711958.75","        423","       6801","         65.53"
"GTPL","EQ","01-Mar-2018","        165.15","        165.05","        168.90","        162.40","        165.00","        165.05","        166.52","     224515","            37386335.30","        475","     218392","         97.27"
"GTPL","EQ","05-Mar-2018","        165.05","        169.80","        169.80","        163.85","        164.15","        165.45","        165.97","      19367","             3214276.15","        623","       8959","         46.26"
"GTPL","EQ","06-Mar-2018","        165.45","        169.50","        169.50","        156.30","        159.00","        158.65","        161.61","      22588","             3650448.65","        571","      13145","         58.19"
"GTPL","EQ","07-Mar-2018","        158.65","        155.05","        161.50","        152.00","        152.50","        153.90","        156.20","      21418","             3345571.50","        349","      16782","         78.35"
"GTPL","EQ","08-Mar-2018","        153.90","        155.05","        157.90","        151.45","        151.50","        152.80","        153.39","      11741","             1800971.00","        523","       5791","         49.32"
"GTPL","EQ","09-Mar-2018","        152.80","        152.00","        155.80","        151.10","        151.20","        151.50","        152.66","      79005","            12060527.95","        789","      71286","         90.23"
"GTPL","EQ","12-Mar-2018","        151.50","        154.70","        154.70","        144.10","        147.00","        147.60","        150.47","      39242","             5904902.85","        917","      30175","         76.89"
"GTPL","EQ","13-Mar-2018","        147.60","        147.20","        150.00","        144.00","        145.00","        145.10","        146.91","      68074","            10001025.55","       1359","      56384","         82.83"
"GTPL","EQ","14-Mar-2018","        145.10","        145.55","        149.45","        142.30","        143.35","        143.65","        145.33","     127534","            18534933.80","       1147","     117071","         91.80"
"GTPL","EQ","15-Mar-2018","        143.65","        144.65","        147.85","        143.35","        143.35","        144.15","        144.84","      16734","             2423730.60","        644","      11246","         67.20"
"GTPL","EQ","16-Mar-2018","        144.15","        143.80","        150.05","        138.00","        139.45","        139.40","        144.48","      75041","            10842015.15","       2602","      47611","         63.45"
"GTPL","EQ","19-Mar-2018","        139.40","        136.00","        141.50","        135.00","        135.00","        135.90","        136.94","     177377","            24290560.90","       1207","     168383","         94.93"
"GTPL","EQ","20-Mar-2018","        135.90","        135.30","        137.00","        134.50","        136.25","        135.90","        136.10","      23717","             3227884.10","        520","      19642","         82.82"
"GTPL","EQ","21-Mar-2018","        135.90","        134.10","        137.70","        134.10","        135.65","        135.75","        136.42","      24536","             3347084.45","        768","      18528","         75.51"
"GTPL","EQ","22-Mar-2018","        135.75","        135.90","        137.95","        133.00","        134.80","        135.10","        136.31","     262981","            35846864.15","        619","     258940","         98.46"
"GTPL","EQ","23-Mar-2018","        135.10","        133.95","        137.05","        130.15","        136.80","        133.95","        133.36","    1578361","           210491786.05","       1616","    1565922","         99.21"
"GTPL","EQ","26-Mar-2018","        133.95","        132.05","        139.50","        132.05","        137.00","        137.40","        137.69","     107029","            14737154.50","        878","     100195","         93.61"
"GTPL","EQ","27-Mar-2018","        137.40","        137.65","        140.00","        135.25","        135.75","        136.25","        137.00","     441134","            60436536.85","        827","     435445","         98.71"
"GTPL","EQ","28-Mar-2018","        136.25","        135.00","        139.40","        133.80","        139.00","        139.00","        136.86","      41221","             5641635.60","        848","      28621","         69.43"
"GTPL","EQ","02-Apr-2018","        139.00","        139.95","        149.90","        139.35","        146.95","        146.80","        145.60","      54490","             7933513.40","        628","      29642","         54.40"
"GTPL","EQ","03-Apr-2018","        146.80","        146.00","        149.50","        143.15","        145.00","        145.35","        147.61","     189506","            27972495.95","        631","     178688","         94.29"
"GTPL","EQ","04-Apr-2018","        145.35","        148.95","        150.00","        141.35","        143.80","        144.20","        146.30","      47230","             6909818.55","        599","      21150","         44.78"
"GTPL","EQ","05-Apr-2018","        144.20","        146.85","        150.00","        146.30","        148.35","        148.90","        148.77","      33859","             5037126.55","        463","      19653","         58.04"
"GTPL","EQ","06-Apr-2018","        148.90","        148.00","        157.50","        147.00","        156.05","        155.15","        151.67","      63520","             9634324.55","        543","      55006","         86.60"
"GTPL","EQ","09-Apr-2018","        155.15","        155.00","        162.35","        153.70","        162.30","        161.55","        160.23","      59114","             9471793.85","        816","      41549","         70.29"
"GTPL","EQ","10-Apr-2018","        161.55","        160.20","        165.00","        159.00","        160.65","        164.30","        163.04","      52731","             8597341.65","        824","      26758","         50.74"
"GTPL","EQ","11-Apr-2018","        164.30","        165.90","        165.90","        160.65","        162.90","        163.10","        163.77","      25084","             4107923.10","        652","       7632","         30.43"
"GTPL","EQ","12-Apr-2018","        163.10","        161.05","        164.80","        156.30","        157.10","        158.75","        161.19","      28243","             4552515.65","        857","      19692","         69.72"
"GTPL","EQ","13-Apr-2018","        158.75","        169.95","        169.95","        159.05","        161.30","        162.15","        162.55","      34448","             5599671.35","        842","      21307","         61.85"
"GTPL","EQ","16-Apr-2018","        162.15","        161.00","        161.50","        158.00","        161.50","        160.00","        159.99","     276696","            44268384.45","       4992","     261590","         94.54"
"GTPL","EQ","17-Apr-2018","        160.00","        159.20","        163.95","        159.20","        162.70","        161.95","        161.27","      27487","             4432861.85","       1106","      15190","         55.26"
"GTPL","EQ","18-Apr-2018","        161.95","        163.05","        165.50","        161.10","        161.10","        162.95","        163.08","     164138","            26767940.20","        973","     145617","         88.72"
"GTPL","EQ","19-Apr-2018","        162.95","        162.05","        164.75","        157.25","        157.25","        158.75","        160.72","      24451","             3929830.65","        845","      15118","         61.83"
"GTPL","EQ","20-Apr-2018","        158.75","        158.75","        160.05","        155.05","        156.90","        158.65","        158.32","      36340","             5753253.35","        609","      29572","         81.38"
"GTPL","EQ","23-Apr-2018","        158.65","        159.70","        162.75","        155.00","        155.00","        156.15","        159.06","      54357","             8646155.40","        890","      33609","         61.83"
"GTPL","EQ","24-Apr-2018","        156.15","        157.15","        163.65","        156.25","        161.95","        161.75","        160.75","      29836","             4796176.95","        449","      13397","         44.90"
"GTPL","EQ","25-Apr-2018","        161.75","        161.00","        163.00","        155.35","        158.50","        156.80","        158.34","      12644","             2002053.50","        735","       7267","         57.47"
"GTPL","EQ","26-Apr-2018","        156.80","        157.15","        159.45","        146.65","        152.80","        152.85","        152.58","      28560","             4357569.80","        900","      14459","         50.63"
"GTPL","EQ","27-Apr-2018","        152.85","        152.20","        160.85","        151.15","        151.30","        152.75","        157.29","      43380","             6823103.90","       1410","      19886","         45.84"
"GTPL","EQ","30-Apr-2018","        152.75","        153.00","        155.60","        151.25","        154.00","        154.30","        153.90","      25774","             3966666.00","        406","      21757","         84.41"
"GTPL","EQ","02-May-2018","        154.30","        148.70","        159.85","        148.70","        149.40","        154.30","        156.10","      73579","            11485618.75","       1322","      49115","         66.75"
"GTPL","EQ","03-May-2018","        154.30","        154.30","        154.30","        147.05","        150.40","        150.00","        150.13","      16726","             2511098.25","        598","      10767","         64.37"
"GTPL","EQ","04-May-2018","        150.00","        148.20","        151.00","        146.10","        146.70","        147.15","        148.33","      28146","             4174920.65","        382","      25275","         89.80"
"GTPL","EQ","07-May-2018","        147.15","        147.50","        149.80","        142.05","        144.20","        144.95","        145.59","      16478","             2398962.35","        545","      10904","         66.17"
"GTPL","EQ","08-May-2018","        144.95","        146.90","        149.60","        144.00","        144.40","        144.85","        146.58","       7697","             1128262.90","        287","       5586","         72.57"
"GTPL","EQ","09-May-2018","        144.85","        144.60","        146.75","        141.00","        142.55","        142.90","        143.79","      11578","             1664809.80","        555","       8267","         71.40"
"GTPL","EQ","10-May-2018","        142.90","        143.15","        144.75","        138.10","        141.00","        140.80","        140.31","      15308","             2147938.65","        444","      11759","         76.82"
"GTPL","EQ","11-May-2018","        140.80","        141.05","        142.00","        138.00","        140.00","        139.20","        140.59","       6907","              971072.90","        234","       4374","         63.33"
"GTPL","EQ","14-May-2018","        139.20","        139.10","        139.75","        132.95","        133.60","        134.05","        138.51","     114865","            15910289.15","        494","     112066","         97.56"
"GTPL","EQ","15-May-2018","        134.05","        135.50","        141.00","        134.50","        138.50","        137.75","        137.80","      12615","             1738352.20","        390","       6931","         54.94"
"GTPL","EQ","16-May-2018","        137.75","        138.20","        139.00","        134.10","        134.10","        134.75","        135.12","      43859","             5926196.40","        383","      40594","         92.56"
"GTPL","EQ","17-May-2018","        134.75","        134.05","        136.25","        134.05","        134.30","        134.40","        135.03","      30983","             4183495.25","        349","      28202","         91.02"
"GTPL","EQ","18-May-2018","        134.40","        134.45","        138.95","        134.10","        134.30","        134.45","        136.32","      41501","             5657440.15","        619","      27549","         66.38"
"GTPL","EQ","21-May-2018","        134.45","        134.35","        138.90","        129.20","        129.55","        131.00","        133.99","      21885","             2932463.10","        543","      15440","         70.55"
"GTPL","EQ","22-May-2018","        131.00","        131.70","        133.10","        129.00","        130.90","        130.05","        131.55","      24195","             3182787.25","        470","      20851","         86.18"
"GTPL","EQ","23-May-2018","        130.05","        130.00","        135.75","        128.95","        129.00","        130.25","        132.51","      23563","             3122302.60","        643","      11096","         47.09"
"GTPL","EQ","24-May-2018","        130.25","        131.45","        131.45","        129.00","        129.50","        129.65","        129.96","      14603","             1897845.15","        267","      10737","         73.53"
"GTPL","EQ","25-May-2018","        129.65","        129.95","        131.00","        128.00","        129.70","        129.15","        129.71","      17052","             2211793.30","        501","      11805","         69.23"
"GTPL","EQ","28-May-2018","        129.15","        128.50","        134.55","        128.50","        133.00","        133.40","        131.27","      19675","             2582754.40","        695","      11019","         56.01"
"GTPL","EQ","29-May-2018","        133.40","        133.50","        143.50","        131.25","        135.55","        136.55","        139.01","      92406","            12845439.25","       1091","      74414","         80.53"
"GTPL","EQ","30-May-2018","        136.55","        136.95","        142.00","        136.00","        137.00","        137.70","        139.69","      45192","             6312718.30","        859","      20633","         45.66"
"GTPL","EQ","31-May-2018","        137.70","        138.45","        142.00","        132.85","        134.65","        134.70","        137.45","      50592","             6953986.35","        607","      33462","         66.14"
"GTPL","EQ","01-Jun-2018","        134.70","        135.15","        138.50","        132.05","        133.00","        132.85","        136.57","      25431","             3473232.35","        487","      14680","         57.72"
"GTPL","EQ","04-Jun-2018","        132.85","        134.95","        135.05","        128.10","        131.00","        130.40","        132.80","      29976","             3980670.20","        736","      22553","         75.24"
"GTPL","EQ","05-Jun-2018","        130.40","        131.35","        131.35","        108.60","        115.90","        116.20","        116.41","      91220","            10619050.30","       1480","      57772","         63.33"
"GTPL","EQ","06-Jun-2018","        116.20","        123.00","        124.00","        116.30","        122.00","        119.95","        119.53","     514653","            61519003.95","       3280","     481907","         93.64"
"GTPL","EQ","07-Jun-2018","        119.95","        123.00","        130.25","        121.45","        128.85","        127.90","        126.23","      27035","             3412666.30","       1004","      14492","         53.60"
"GTPL","EQ","08-Jun-2018","        127.90","        127.05","        131.90","        126.45","        129.50","        128.35","        128.62","      16147","             2076876.35","        668","       7166","         44.38"
"GTPL","EQ","11-Jun-2018","        128.35","        129.50","        132.15","        121.70","        123.00","        122.95","        127.17","     100004","            12717653.80","       1378","      87065","         87.06"
"GTPL","EQ","12-Jun-2018","        122.95","        122.95","        125.00","        120.05","        123.25","        123.30","        123.96","     133923","            16601463.05","       1456","     112068","         83.68"
"GTPL","EQ","13-Jun-2018","        123.30","        123.80","        125.00","        122.80","        124.90","        123.45","        123.47","       6424","              793193.10","        294","       3635","         56.58"
"GTPL","EQ","14-Jun-2018","        123.45","        124.10","        126.65","        121.65","        122.00","        122.90","        123.38","      18128","             2236695.30","        276","      13527","         74.62"
"GTPL","EQ","15-Jun-2018","        122.90","        123.00","        126.00","        121.00","        121.90","        122.30","        123.04","      28889","             3554532.35","       1048","      16803","         58.16"
